City_ID,City,Country,Date,Lat,Lng,Max Temp,Humidity,Cloudiness,Wind Speed
0,Nome,US,2020-10-31 16:04:07,64.5,-165.41,12.2,85,1,8.12
1,Ushuaia,AR,2020-10-31 16:04:07,-54.8,-68.3,55.4,54,40,3.36
2,Nikolskoye,RU,2020-10-31 16:04:07,59.7,30.79,41.0,86,75,4.47
3,Dicabisagan,PH,2020-10-31 16:04:07,17.08,122.42,76.57,82,100,14.74
4,Bredasdorp,ZA,2020-10-31 16:04:08,-34.53,20.04,66.2,48,0,13.87
5,Alugan,PH,2020-10-31 16:04:08,12.22,125.48,80.98,81,100,17.74
6,Fez,MA,2020-10-31 15:59:10,34.04,-5.0,80.6,30,0,6.93
7,Sovetskiy,RU,2020-10-31 16:04:08,61.36,63.58,33.96,97,73,7.63
8,Punta Arenas,CL,2020-10-31 16:02:14,-53.15,-70.92,51.8,71,0,9.17
9,Okha,RU,2020-10-31 16:04:09,53.57,142.95,34.11,90,95,7.54
10,Yellowknife,CA,2020-10-31 16:04:09,62.46,-114.35,18.0,92,90,17.22
11,Semey,KZ,2020-10-31 16:04:09,50.41,80.23,35.8,82,0,6.35
12,Albany,US,2020-10-31 16:04:09,42.6,-73.97,37.0,92,20,2.93
13,Puerto Del Rosario,ES,2020-10-31 16:04:10,28.5,-13.86,78.8,54,0,12.75
14,Ponta Do Sol,PT,2020-10-31 16:04:10,32.67,-17.1,75.99,78,20,8.05
15,Rikitea,PF,2020-10-31 16:04:10,-23.12,-134.97,74.86,71,8,7.61
16,Mar Del Plata,AR,2020-10-31 16:04:10,-38.0,-57.56,69.8,35,0,4.7
17,Pizarro,CO,2020-10-31 16:04:11,4.95,-77.37,81.68,75,10,4.9
18,Qaanaaq,GL,2020-10-31 16:04:11,77.48,-69.36,12.11,87,97,7.2
19,Cape Town,ZA,2020-10-31 16:04:11,-33.93,18.42,69.01,52,0,26.4
20,Baruun-Urt,MN,2020-10-31 16:04:11,46.68,113.28,25.02,81,23,11.48
21,Yinchuan,CN,2020-10-31 16:00:45,38.47,106.27,45.54,44,3,4.09
22,Torbay,CA,2020-10-31 16:04:12,47.67,-52.73,37.0,64,90,18.34
23,Hermanus,ZA,2020-10-31 16:04:12,-34.42,19.23,66.0,60,0,5.99
24,Busselton,AU,2020-10-31 16:04:05,-33.65,115.33,63.0,66,100,13.58
25,Redmond,US,2020-10-31 16:02:58,47.67,-122.12,44.01,95,3,1.16
26,Uarini,BR,2020-10-31 16:04:12,-2.99,-65.11,86.0,74,40,5.82
27,Castro,BR,2020-10-31 16:04:12,-24.79,-50.01,61.0,77,100,6.04
28,Itarema,BR,2020-10-31 16:04:13,-2.92,-39.92,88.9,55,98,17.31
29,Toucheng,TW,2020-10-31 16:04:13,24.86,121.82,73.99,78,20,9.17
30,La Ronge,CA,2020-10-31 16:03:06,55.1,-105.28,17.6,85,99,9.17
31,Changping,CN,2020-10-31 16:04:13,40.22,116.22,57.0,52,0,2.24
32,Huarmey,PE,2020-10-31 16:04:13,-10.07,-78.15,68.58,68,99,8.28
33,Lebu,CL,2020-10-31 16:04:14,-37.62,-73.65,61.72,63,12,9.78
34,Mataura,NZ,2020-10-31 16:04:14,-46.19,168.86,44.01,88,5,4.0
35,Vaini,TO,2020-10-31 16:04:14,-21.2,-175.2,73.4,83,40,12.75
36,Pisco,PE,2020-10-31 16:04:14,-13.7,-76.22,66.99,77,40,8.05
37,Hamza,UZ,2020-10-31 16:04:14,40.43,71.5,42.8,45,0,6.93
38,Khatanga,RU,2020-10-31 16:04:14,71.97,102.5,-5.55,88,97,7.18
39,Ancud,CL,2020-10-31 16:04:15,-41.87,-73.82,66.99,52,0,6.93
40,Souillac,MU,2020-10-31 16:04:15,-20.52,57.52,69.8,68,40,10.29
41,Soubre,CI,2020-10-31 16:04:15,5.79,-6.61,83.35,82,89,2.95
42,Butaritari,KI,2020-10-31 16:04:15,3.07,172.79,80.92,76,57,17.22
43,Marawi,PH,2020-10-31 16:04:15,8.0,124.29,75.99,91,100,5.01
44,Cabo San Lucas,MX,2020-10-31 15:59:24,22.89,-109.91,77.0,78,5,4.74
45,Krasnomayskiy,RU,2020-10-31 16:04:16,57.62,34.41,43.68,85,89,3.58
46,Kodiak,US,2020-10-31 16:04:16,57.79,-152.41,32.0,90,1,4.7
47,Saint Anthony,US,2020-10-31 16:04:16,45.02,-93.22,48.99,61,1,17.22
48,Yarada,IN,2020-10-31 16:04:17,17.65,83.27,78.8,78,40,2.24
49,Hobart,AU,2020-10-31 16:02:08,-42.88,147.33,55.4,66,75,5.82
50,Namibe,AO,2020-10-31 16:04:17,-15.2,12.15,74.12,77,17,12.5
51,Fukue,JP,2020-10-31 16:04:17,32.69,128.84,65.68,62,4,8.08
52,Saint-Joseph,RE,2020-10-31 16:04:17,-21.37,55.62,69.8,60,75,4.7
53,Barrow,US,2020-10-31 16:02:34,71.29,-156.79,21.2,85,90,3.11
54,Geraldton,AU,2020-10-31 16:04:18,-28.77,114.6,68.0,72,75,14.99
55,Tabou,CI,2020-10-31 16:04:18,4.42,-7.35,81.48,77,69,7.63
56,Kafue,ZM,2020-10-31 16:04:18,-15.77,28.18,83.89,19,0,5.55
57,Fortuna,US,2020-10-31 16:04:18,40.6,-124.16,44.6,93,1,9.17
58,Arraial Do Cabo,BR,2020-10-31 16:04:19,-22.97,-42.03,69.8,94,90,8.05
59,Lere,NG,2020-10-31 16:04:19,10.39,8.57,86.16,29,20,5.23
60,Guerrero Negro,MX,2020-10-31 16:04:19,27.98,-114.06,71.28,51,6,1.32
61,Ribeira Grande,PT,2020-10-31 16:04:19,38.52,-28.7,69.8,94,75,18.34
62,The Valley,AI,2020-10-31 16:04:19,18.22,-63.06,87.8,66,20,18.34
63,Vanavara,RU,2020-10-31 16:04:19,60.34,102.28,-0.15,92,12,3.24
64,Dikson,RU,2020-10-31 16:04:20,73.51,80.55,16.5,97,100,17.13
65,Kavaratti,IN,2020-10-31 16:04:20,10.57,72.64,83.05,70,68,4.36
66,Maebaru,JP,2020-10-31 16:04:20,33.55,130.2,53.6,81,15,3.36
67,Aksu,CN,2020-10-31 16:04:20,41.12,80.26,45.88,52,0,4.34
68,Puerto Ayacucho,VE,2020-10-31 16:04:20,5.66,-67.62,80.13,86,98,3.02
69,Naze,JP,2020-10-31 16:04:21,28.37,129.48,71.6,56,20,8.05
70,Hilo,US,2020-10-31 16:00:04,19.73,-155.09,73.4,73,75,6.93
71,Carnarvon,AU,2020-10-31 16:03:51,-24.87,113.63,69.8,88,90,9.17
72,San Cristobal,VE,2020-10-31 16:04:21,7.77,-72.22,82.4,74,75,4.7
73,Airai,TL,2020-10-31 16:04:21,-8.93,125.41,61.39,91,12,1.7
74,Puerto Ayora,EC,2020-10-31 16:04:21,-0.74,-90.35,73.4,78,75,14.99
75,Bluff,NZ,2020-10-31 16:04:22,-46.6,168.33,44.01,88,43,4.0
76,East London,ZA,2020-10-31 16:04:22,-33.02,27.91,66.2,68,20,8.05
77,Necochea,AR,2020-10-31 16:04:22,-38.55,-58.74,68.63,43,2,7.16
78,Barcelos,PT,2020-10-31 16:04:22,41.54,-8.62,66.99,100,90,8.05
79,Port Lincoln,AU,2020-10-31 16:04:23,-34.73,135.87,54.27,83,0,11.21
80,Sandakan,MY,2020-10-31 16:04:23,5.84,118.12,75.2,100,20,1.12
81,Cherskiy,RU,2020-10-31 16:04:23,68.75,161.3,7.43,87,96,3.69
82,Lasa,IT,2020-10-31 16:04:23,46.62,10.7,55.0,37,0,4.7
83,Upernavik,GL,2020-10-31 16:04:24,72.79,-56.15,16.48,95,64,10.67
84,Bambous Virieux,MU,2020-10-31 16:04:24,-20.34,57.76,69.8,68,40,10.29
85,Hami,CN,2020-10-31 16:04:24,42.8,93.45,36.9,65,0,2.62
86,Nyagan,RU,2020-10-31 16:04:24,62.14,65.39,33.06,96,96,7.02
87,New Norfolk,AU,2020-10-31 16:04:24,-42.78,147.06,53.01,69,64,2.37
88,Alofi,NU,2020-10-31 16:04:25,-19.06,-169.92,73.4,94,89,9.17
89,Linxi,CN,2020-10-31 16:04:25,39.7,118.43,50.0,26,100,3.36
90,Codrington,AU,2020-10-31 16:04:25,-38.27,141.97,47.61,88,12,3.8
91,Le Mars,US,2020-10-31 16:04:25,42.79,-96.17,54.0,66,1,14.99
92,Aripuana,BR,2020-10-31 16:04:26,-9.17,-60.63,87.06,62,100,2.55
93,Bengkulu,ID,2020-10-31 16:04:26,-3.8,102.27,77.4,85,100,3.24
94,Jamestown,US,2020-10-31 16:04:26,42.1,-79.24,39.0,74,90,6.93
95,Salinas,US,2020-10-31 16:02:03,36.68,-121.66,48.2,66,1,6.93
96,Jishou,CN,2020-10-31 16:04:27,28.32,109.72,57.52,89,100,1.21
97,Brazzaville,CG,2020-10-31 15:59:32,-4.27,15.28,89.6,49,20,8.05
98,Norman Wells,CA,2020-10-31 16:04:27,65.28,-126.83,-2.2,84,20,5.82
99,Rocha,UY,2020-10-31 16:01:27,-34.48,-54.33,66.36,54,1,8.21
100,Araouane,ML,2020-10-31 16:04:28,18.9,-3.53,94.53,10,100,7.54
101,Mayna,RU,2020-10-31 16:04:28,54.11,47.62,39.29,90,99,2.1
102,Kaitangata,NZ,2020-10-31 16:04:28,-46.28,169.85,46.0,77,3,3.0
103,Thompson,CA,2020-10-31 16:00:04,55.74,-97.86,14.0,85,90,18.34
104,Xique-Xique,BR,2020-10-31 16:04:28,-10.82,-42.73,87.49,49,97,6.4
105,Padang,ID,2020-10-31 16:04:29,-0.95,100.35,79.3,72,100,3.13
106,Batagay-Alyta,RU,2020-10-31 16:04:29,67.8,130.41,1.02,92,99,0.92
107,Waipawa,NZ,2020-10-31 16:04:29,-41.41,175.52,59.0,77,27,14.99
108,Quatre Cocos,MU,2020-10-31 16:04:29,-20.21,57.76,69.8,68,40,10.29
109,Camana,PE,2020-10-31 16:04:29,-16.62,-72.71,68.58,67,96,8.59
110,Ilulissat,GL,2020-10-31 16:04:30,69.22,-51.1,17.6,67,75,6.93
111,Isangel,VU,2020-10-31 16:04:30,-19.55,169.27,74.95,81,82,14.45
112,Canavieiras,BR,2020-10-31 16:04:30,-15.68,-38.95,82.0,69,79,9.98
113,Abha,SA,2020-10-31 15:59:44,18.22,42.51,68.0,60,40,4.7
114,Corn Island,NI,2020-10-31 16:04:30,12.17,-83.04,83.23,76,92,18.72
115,Tocache,PE,2020-10-31 16:04:31,-8.18,-76.51,77.09,68,100,0.74
116,Chiang Khong,TH,2020-10-31 16:04:31,20.26,100.4,73.4,100,20,3.36
117,Kanata,CA,2020-10-31 16:04:31,45.32,-75.9,39.0,64,0,5.28
118,Atambua,ID,2020-10-31 16:04:31,-9.11,124.89,76.23,79,0,2.44
119,Rio Grande,BR,2020-10-31 16:04:31,-32.03,-52.1,68.0,60,75,13.87
120,Atuona,PF,2020-10-31 16:04:32,-9.8,-139.03,78.13,76,18,18.39
121,Tigil,RU,2020-10-31 16:04:32,57.8,158.67,32.2,89,100,5.46
122,Meadow Lake,US,2020-10-31 16:04:32,34.8,-106.54,51.01,65,20,3.65
123,Port Elizabeth,ZA,2020-10-31 16:04:32,-33.92,25.57,66.2,68,0,6.93
124,Hasaki,JP,2020-10-31 16:04:32,35.73,140.83,44.6,93,20,3.36
125,Reconquista,AR,2020-10-31 16:04:32,-29.15,-59.65,75.45,42,0,9.62
126,Liuzhou,CN,2020-10-31 16:04:33,24.31,109.39,68.36,81,30,3.44
127,Terme,TR,2020-10-31 16:04:33,41.21,36.97,62.6,82,75,3.36
128,Tuktoyaktuk,CA,2020-10-31 16:04:33,69.45,-133.04,-5.8,83,20,5.82
129,Luderitz,NA,2020-10-31 16:04:33,-26.65,15.16,72.37,39,33,27.92
130,Newport,GB,2020-10-31 16:04:33,51.59,-3.0,55.0,87,60,4.0
131,Dongsheng,CN,2020-10-31 16:04:34,39.82,109.98,35.73,72,100,7.99
132,Chicama,PE,2020-10-31 16:04:34,-7.84,-79.15,62.6,82,90,6.93
133,Port Alfred,ZA,2020-10-31 16:04:34,-33.59,26.89,65.91,72,84,16.2
134,Voznesenye,RU,2020-10-31 16:04:34,61.01,35.48,36.57,80,0,3.27
135,Chokurdakh,RU,2020-10-31 16:04:34,70.63,147.92,1.08,94,98,7.34
136,Villarrobledo,ES,2020-10-31 16:04:34,39.27,-2.6,73.99,35,0,5.01
137,Pangnirtung,CA,2020-10-31 16:04:35,66.15,-65.71,19.4,52,75,4.36
138,Dingle,PH,2020-10-31 16:04:35,11.0,122.67,75.87,84,100,5.68
139,Taseyevo,RU,2020-10-31 16:04:35,57.22,94.9,15.37,91,0,2.26
140,Hualmay,PE,2020-10-31 16:04:36,-11.1,-77.61,68.76,66,96,9.82
141,Morro Bay,US,2020-10-31 16:04:13,35.37,-120.85,44.6,87,1,6.46
142,Hithadhoo,MV,2020-10-31 16:04:36,-0.6,73.08,83.84,71,94,7.72
143,Mashhad,IR,2020-10-31 16:04:36,36.3,59.61,59.0,33,0,4.7
144,Kapaa,US,2020-10-31 16:04:36,22.08,-159.32,69.8,94,75,5.82
145,Broome,US,2020-10-31 16:04:36,42.25,-75.83,42.01,69,20,3.36
146,Tuatapere,NZ,2020-10-31 16:04:37,-46.13,167.68,44.01,88,2,4.0
147,Xai-Xai,MZ,2020-10-31 16:04:37,-25.05,33.64,73.17,77,18,12.41
148,Jining,CN,2020-10-31 16:04:37,35.41,116.58,56.44,76,7,6.31
149,Tricase,IT,2020-10-31 16:04:38,39.93,18.36,69.8,56,0,6.93
150,Tabuk,PH,2020-10-31 16:04:38,17.42,121.44,69.75,84,100,9.8
151,Severo-Kurilsk,RU,2020-10-31 16:04:38,50.68,156.12,41.7,79,100,26.82
152,Vidisha,IN,2020-10-31 16:04:38,23.53,77.82,68.0,64,0,4.7
153,Fairbanks,US,2020-10-31 16:00:32,64.84,-147.72,9.0,92,90,3.36
154,Sitka,US,2020-10-31 16:04:38,57.05,-135.33,50.0,87,90,21.92
155,Husavik,IS,2020-10-31 16:04:39,66.04,-17.34,42.8,70,0,12.75
156,Ola,RU,2020-10-31 16:04:39,59.58,151.28,33.1,94,100,11.79
157,Tezu,IN,2020-10-31 16:04:39,27.92,96.17,75.76,54,100,2.28
158,Meulaboh,ID,2020-10-31 16:04:39,4.14,96.13,78.53,83,100,3.04
159,Mollendo,PE,2020-10-31 16:04:39,-17.02,-72.01,67.08,67,84,7.61
160,Longyan,CN,2020-10-31 16:04:40,25.11,117.02,66.0,70,25,1.99
161,Hovd,MN,2020-10-31 16:04:40,48.01,91.64,28.0,84,0,1.97
162,Kargasok,RU,2020-10-31 16:04:40,59.06,80.86,34.02,92,100,10.69
163,Longyearbyen,SJ,2020-10-31 16:03:37,78.22,15.64,21.2,73,75,3.36
164,Le Portel,FR,2020-10-31 16:04:40,50.71,1.58,60.8,82,90,11.41
165,Grindavik,IS,2020-10-31 16:04:40,63.84,-22.43,44.6,81,75,6.93
166,Kalanguy,RU,2020-10-31 16:04:42,51.02,116.52,24.08,96,100,5.35
167,Oromocto,CA,2020-10-31 16:04:42,45.84,-66.48,36.0,43,1,8.05
168,Sao Filipe,CV,2020-10-31 16:04:42,14.9,-24.5,82.33,58,59,16.55
169,Batemans Bay,AU,2020-10-31 16:04:42,-35.72,150.18,59.0,97,100,4.0
170,Vikhorevka,RU,2020-10-31 16:04:42,56.12,101.16,12.2,78,100,8.95
171,Pevek,RU,2020-10-31 16:04:43,69.7,170.31,12.7,97,100,10.04
172,Raseiniai,LT,2020-10-31 16:04:43,55.37,23.12,46.4,93,90,5.82
173,Merauke,ID,2020-10-31 16:01:07,-8.47,140.33,77.77,84,4,13.94
174,Vetlanda,SE,2020-10-31 16:04:43,57.43,15.08,50.0,100,100,6.93
175,Nanortalik,GL,2020-10-31 16:04:43,60.14,-45.24,29.55,90,11,15.52
176,Tasiilaq,GL,2020-10-31 16:04:44,65.61,-37.64,32.0,95,90,2.24
177,Udachnyy,RU,2020-10-31 16:04:44,66.42,112.4,1.4,91,0,5.12
178,Mastic Beach,US,2020-10-31 16:04:44,40.77,-72.85,44.6,48,1,6.93
179,Skelleftea,SE,2020-10-31 16:04:44,64.75,20.95,34.0,100,100,5.53
180,Jalu,LY,2020-10-31 16:04:44,29.03,21.55,69.44,44,0,5.95
181,Chake Chake,TZ,2020-10-31 16:04:44,-5.25,39.77,78.03,78,2,10.63
182,Lazaro Cardenas,MX,2020-10-31 16:04:45,17.96,-102.2,80.49,70,93,3.83
183,Manati,PR,2020-10-31 16:04:45,18.43,-66.49,87.01,72,63,5.01
184,Bassano,CA,2020-10-31 16:04:45,50.78,-112.47,32.0,79,10,9.17
185,Placerville,US,2020-10-31 16:04:45,38.73,-120.8,62.6,13,1,6.93
186,Quetta,PK,2020-10-31 16:00:36,30.2,67.01,47.17,41,0,1.28
187,Parrita,CR,2020-10-31 16:02:58,9.52,-84.32,75.99,83,40,9.17
188,Saint-Philippe,RE,2020-10-31 16:04:46,-21.36,55.77,69.8,60,75,4.7
189,Lata,PT,2020-10-31 16:04:46,40.16,-8.33,71.01,87,51,3.0
190,Khagaria,IN,2020-10-31 16:04:46,25.5,86.48,78.22,63,1,4.18
191,Tiksi,RU,2020-10-31 16:04:46,71.69,128.87,1.35,94,66,3.38
192,Provideniya,RU,2020-10-31 16:04:47,64.38,-173.3,21.06,87,92,5.99
193,Klaksvik,FO,2020-10-31 16:04:47,62.23,-6.59,50.0,87,100,28.86
194,Chatellerault,FR,2020-10-31 16:04:47,46.8,0.53,64.99,68,75,12.75
195,Matara,LK,2020-10-31 16:04:47,5.95,80.54,78.42,84,3,6.2
196,Belmonte,BR,2020-10-31 16:04:47,-15.86,-38.88,82.4,65,75,16.11
197,Gazli,UZ,2020-10-31 16:04:47,40.13,63.45,51.48,38,0,9.35
198,Farah,AF,2020-10-31 16:04:48,32.5,62.5,45.28,57,0,0.78
199,Avarua,CK,2020-10-31 16:04:48,-21.21,-159.78,73.4,83,100,11.41
200,Vallenar,CL,2020-10-31 16:04:48,-28.57,-70.76,81.46,25,0,9.28
201,Erenhot,CN,2020-10-31 16:04:48,43.65,111.98,33.4,68,0,11.95
202,San Luis,AR,2020-10-31 16:00:09,-33.3,-66.34,77.81,18,0,9.26
203,Pascagoula,US,2020-10-31 16:04:49,30.37,-88.56,64.99,67,20,5.82
204,Bayan,CN,2020-10-31 16:04:49,46.08,127.4,46.0,47,67,12.21
205,Acajutla,SV,2020-10-31 16:04:49,13.59,-89.83,80.6,61,0,1.68
206,San Patricio,US,2020-10-31 16:04:49,28.02,-97.52,70.0,68,20,5.82
207,Hofn,IS,2020-10-31 16:04:50,64.25,-15.21,43.72,75,100,10.11
208,Kokopo,PG,2020-10-31 16:04:50,-4.35,152.26,77.68,82,100,3.71
209,Mehamn,NO,2020-10-31 16:04:50,71.04,27.85,30.42,94,86,11.32
210,Buritis,BR,2020-10-31 16:04:50,-15.62,-46.42,75.34,81,100,8.01
211,Cayenne,GF,2020-10-31 16:00:03,4.93,-52.33,89.6,59,100,10.29
212,Cidreira,BR,2020-10-31 16:04:51,-30.18,-50.21,67.68,60,90,9.35
213,Praya,CV,2020-10-31 16:04:51,14.92,-23.51,82.4,65,75,26.4
214,Constitucion,CL,2020-10-31 16:04:51,-35.33,-72.42,66.81,57,0,3.91
215,Kruisfontein,ZA,2020-10-31 16:04:51,-34.0,24.73,64.99,68,38,5.99
216,Surt,LY,2020-10-31 16:04:51,31.21,16.59,71.44,62,22,12.15
217,Hamilton,US,2020-10-31 16:01:27,39.18,-84.53,51.01,61,20,11.41
218,Surovikino,RU,2020-10-31 16:04:52,48.61,42.85,56.17,71,100,13.51
219,Faanui,PF,2020-10-31 16:04:52,-16.48,-151.75,78.57,76,33,19.17
220,Eskil,TR,2020-10-31 16:04:52,38.4,33.41,54.36,58,24,3.87
221,Smithers,CA,2020-10-31 16:04:53,54.78,-127.17,32.0,95,75,8.05
222,Georgetown,MY,2020-10-31 16:04:31,5.41,100.34,82.4,83,40,3.36
223,Sao Miguel Do Araguaia,BR,2020-10-31 16:04:53,-13.28,-50.16,77.04,87,100,5.32
224,Pacasmayo,PE,2020-10-31 16:00:31,-7.4,-79.57,67.89,73,100,7.31
225,Marzuq,YE,2020-10-31 16:04:53,14.4,46.47,71.37,30,0,3.09
226,Caluquembe,AO,2020-10-31 16:04:54,-13.78,14.68,67.66,78,83,3.56
227,Mahebourg,MU,2020-10-31 16:04:54,-20.41,57.7,69.8,68,40,10.29
228,Rabaul,PG,2020-10-31 16:04:54,-4.2,152.17,80.6,77,100,2.59
229,Lompoc,US,2020-10-31 16:04:54,34.64,-120.46,44.6,93,1,4.7
230,Zhigansk,RU,2020-10-31 16:04:54,66.77,123.37,-10.7,89,82,0.36
231,Balkanabat,TM,2020-10-31 16:04:55,39.51,54.37,69.28,22,9,7.63
232,Xinyu,CN,2020-10-31 16:04:55,27.8,114.93,62.62,74,93,3.27
233,Tokur,RU,2020-10-31 16:04:55,53.13,132.9,27.9,97,100,3.58
234,Kavieng,PG,2020-10-31 16:04:55,-2.57,150.8,83.14,75,86,8.88
235,Rassvet,RU,2020-10-31 16:04:55,46.83,40.75,59.5,91,100,6.71
236,Comodoro Rivadavia,AR,2020-10-31 16:04:56,-45.87,-67.5,62.6,63,0,5.82
237,Suzhou,CN,2020-10-31 16:00:35,31.31,120.62,63.0,83,35,5.73
238,Nemuro,JP,2020-10-31 16:04:56,43.32,145.57,47.01,67,53,6.29
239,Victoria,HK,2020-10-31 16:04:56,22.29,114.16,73.99,77,1,13.73
240,Bahia Honda,CU,2020-10-31 16:04:56,22.9,-83.16,82.92,76,40,8.77
241,Arman,RU,2020-10-31 16:04:57,59.7,150.17,31.87,98,100,5.5
242,Calama,CL,2020-10-31 16:00:02,-22.47,-68.93,68.0,15,0,13.87
243,Ures,MX,2020-10-31 16:04:57,29.43,-110.4,73.99,31,100,4.0
244,Angoram,PG,2020-10-31 16:04:57,-4.06,144.07,74.01,97,88,1.72
245,Vila Velha,BR,2020-10-31 16:04:57,-20.33,-40.29,73.4,88,75,2.24
246,Preeceville,CA,2020-10-31 16:04:58,51.95,-102.67,21.65,89,100,25.57
247,Vestmannaeyjar,IS,2020-10-31 16:04:58,63.44,-20.27,44.6,75,20,12.75
248,Bundaberg,AU,2020-10-31 16:04:58,-24.85,152.35,75.0,88,40,9.17
249,Cap Malheureux,MU,2020-10-31 16:04:58,-19.98,57.61,66.99,69,0,16.49
250,Maningrida,AU,2020-10-31 16:04:59,-12.07,134.27,80.49,74,0,5.19
251,Bobo Dioulasso,BF,2020-10-31 16:04:59,11.18,-4.3,95.0,32,20,9.17
252,Clyde River,CA,2020-10-31 16:04:59,70.47,-68.59,15.8,92,90,12.75
253,Vao,NC,2020-10-31 16:04:59,-22.67,167.48,73.15,81,98,17.49
254,Sarangani,PH,2020-10-31 16:05:00,5.4,125.46,82.56,77,100,13.09
255,Touros,BR,2020-10-31 16:05:00,-5.2,-35.46,84.2,74,75,16.11
256,Warmbad,NA,2020-10-31 16:05:00,-28.45,18.73,89.87,12,0,15.1
257,Mayumba,GA,2020-10-31 16:05:00,-3.43,10.66,79.18,84,42,9.37
258,Tallahassee,US,2020-10-31 16:02:11,30.44,-84.28,71.01,68,75,11.41
259,Port Hardy,CA,2020-10-31 16:01:49,50.7,-127.42,46.4,100,90,5.82
260,Tupelo,US,2020-10-31 16:00:35,34.26,-88.7,57.99,71,1,6.93
261,Prieska,ZA,2020-10-31 16:05:02,-29.66,22.75,71.22,56,61,17.87
262,Tura,IN,2020-10-31 16:05:02,25.52,90.22,73.2,95,100,1.81
263,Kyra,RU,2020-10-31 16:05:02,49.58,111.98,24.01,86,73,6.93
264,Rio Bueno,CL,2020-10-31 16:05:03,-40.32,-72.97,55.4,82,40,9.17
265,Beringovskiy,RU,2020-10-31 16:05:03,63.05,179.32,19.49,92,100,11.1
266,Samana,DO,2020-10-31 16:05:03,19.21,-69.34,77.0,94,75,6.93
267,Saskylakh,RU,2020-10-31 16:05:03,71.92,114.08,-4.22,83,0,5.97
268,Saldanha,ZA,2020-10-31 16:02:31,-33.01,17.94,75.2,36,0,17.22
269,Mount Gambier,AU,2020-10-31 16:05:03,-37.83,140.77,41.0,93,26,3.56
270,Grenoble,FR,2020-10-31 16:00:04,45.08,5.83,60.01,62,27,0.47
271,Ivdel,RU,2020-10-31 16:05:04,60.69,60.42,36.21,89,100,5.39
272,Vila Franca Do Campo,PT,2020-10-31 16:05:04,37.72,-25.43,69.8,94,75,17.22
273,Vestmanna,FO,2020-10-31 16:05:04,62.16,-7.17,50.0,87,100,28.86
274,Mendeleyevo,RU,2020-10-31 16:05:05,56.03,37.22,44.6,87,90,6.71
275,Pangody,RU,2020-10-31 16:05:05,65.85,74.49,33.17,97,100,13.06
276,Henties Bay,NA,2020-10-31 16:05:05,-22.12,14.28,59.0,82,10,5.99
277,North Platte,US,2020-10-31 16:00:08,41.12,-100.77,55.0,61,1,10.29
278,Esperance,AU,2020-10-31 16:05:06,-33.87,121.9,73.4,49,99,10.29
279,Berdigestyakh,RU,2020-10-31 16:05:06,62.1,126.7,-10.59,89,1,2.75
280,Bethel,US,2020-10-31 16:05:06,41.37,-73.41,39.99,69,1,5.82
281,Jardim,BR,2020-10-31 16:05:06,-21.48,-56.14,81.75,56,82,5.1
282,Port-De-Bouc,FR,2020-10-31 16:05:06,43.4,4.98,64.4,77,0,8.05
283,Lagoa,PT,2020-10-31 16:05:07,39.05,-27.98,68.65,92,95,26.6
284,Chapais,CA,2020-10-31 16:05:07,49.78,-74.85,23.0,73,1,8.05
285,Wanaka,NZ,2020-10-31 16:05:07,-44.7,169.15,41.18,73,9,6.29
286,Severobaykalsk,RU,2020-10-31 16:05:07,55.65,109.32,23.59,82,95,6.62
287,Batagay,RU,2020-10-31 16:05:08,67.63,134.63,-9.78,89,85,2.77
288,Semporna,MY,2020-10-31 16:03:37,4.48,118.61,77.0,100,20,2.24
289,Graham,US,2020-10-31 16:05:08,47.05,-122.29,39.0,100,1,1.68
290,Coihaique,CL,2020-10-31 16:05:08,-45.58,-72.07,60.8,48,0,4.7
291,Kinkala,CG,2020-10-31 16:05:08,-4.36,14.76,89.6,49,20,8.05
292,Deputatskiy,RU,2020-10-31 16:05:09,69.3,139.9,-7.17,91,100,4.7
293,Plettenberg Bay,ZA,2020-10-31 16:05:09,-34.05,23.37,62.44,69,1,12.35
294,Verkhniy Baskunchak,RU,2020-10-31 16:05:09,48.23,46.72,53.89,47,65,6.17
295,Iqaluit,CA,2020-10-31 16:05:09,63.75,-68.51,19.4,79,75,8.05
296,Srednekolymsk,RU,2020-10-31 16:05:09,67.45,153.68,4.53,94,99,1.21
297,Kabinda,CD,2020-10-31 16:05:09,-6.13,24.48,72.84,88,99,3.87
298,Fare,PF,2020-10-31 16:05:10,-16.7,-151.02,79.03,74,16,19.08
299,Conde,BR,2020-10-31 16:05:10,-7.26,-34.91,86.0,70,40,12.75
300,Mangrol,IN,2020-10-31 16:05:10,21.12,70.12,81.45,56,0,7.23
301,Goderich,CA,2020-10-31 16:01:16,43.75,-81.72,39.2,55,36,11.41
302,Santa Maria,BR,2020-10-31 16:05:10,-29.68,-53.81,71.62,56,53,9.91
303,Ometepec,MX,2020-10-31 16:05:11,16.68,-98.42,84.85,57,26,0.89
304,Zheleznodorozhnyy,RU,2020-10-31 16:05:11,55.75,38.0,45.0,81,40,6.71
305,Sattahip,TH,2020-10-31 16:05:11,12.67,100.9,78.8,94,20,8.05
306,Qaqortoq,GL,2020-10-31 16:05:11,60.72,-46.03,28.4,68,40,4.18
307,Coruripe,BR,2020-10-31 16:05:07,-10.13,-36.18,84.24,65,90,14.12
308,Manakara,MG,2020-10-31 16:05:11,-22.13,48.02,68.09,70,18,6.67
309,Yerbogachen,RU,2020-10-31 16:05:12,61.28,108.01,2.16,92,0,3.69
310,Chernyshevskiy,RU,2020-10-31 16:05:12,63.01,112.47,-4.16,92,4,2.35
311,Ovre Ardal,NO,2020-10-31 16:05:12,61.32,7.8,32.74,91,55,7.83
312,Wah,PK,2020-10-31 16:05:13,33.8,72.7,68.0,38,0,4.7
313,Etchoropo,MX,2020-10-31 16:05:13,26.77,-109.67,78.51,39,92,3.31
314,Boralday,KZ,2020-10-31 16:05:13,43.36,76.86,37.4,59,0,6.71
315,Bathsheba,BB,2020-10-31 16:05:13,13.22,-59.52,84.2,79,40,14.99
316,Port Shepstone,ZA,2020-10-31 16:05:14,-30.74,30.45,63.25,82,100,2.21
317,Adrar,MR,2020-10-31 16:05:14,20.5,-10.07,93.33,11,97,10.94
318,Pskov,RU,2020-10-31 16:05:14,57.81,28.35,48.2,76,90,3.98
319,Tessalit,ML,2020-10-31 16:05:15,20.2,1.01,93.2,11,8,11.07
320,Chimbote,PE,2020-10-31 16:05:15,-9.09,-78.58,68.56,69,93,9.28
321,Pierre,US,2020-10-31 16:02:56,44.37,-100.35,50.0,57,1,18.34
322,Algarrobo,CO,2020-10-31 16:05:15,10.19,-74.58,86.0,76,47,3.0
323,Noshiro,JP,2020-10-31 16:05:15,40.2,140.02,46.94,80,92,5.86
324,College,US,2020-10-31 16:05:16,64.86,-147.8,9.0,84,90,3.36
325,Emmett,US,2020-10-31 16:05:16,43.87,-116.5,41.0,73,0,2.06
326,Nivala,FI,2020-10-31 16:05:16,63.92,24.97,38.37,92,97,7.07
327,Hokitika,NZ,2020-10-31 16:05:16,-42.72,170.97,51.37,81,87,8.21
328,Ballina,AU,2020-10-31 16:05:16,-28.87,153.57,64.0,93,0,2.24
329,Altay,CN,2020-10-31 16:05:16,47.87,88.12,25.79,81,0,1.68
330,San Quintin,MX,2020-10-31 16:05:17,30.48,-115.95,71.55,45,68,2.55
331,Richards Bay,ZA,2020-10-31 16:02:05,-28.78,32.04,67.35,78,100,11.61
332,Hun,LY,2020-10-31 16:05:17,29.13,15.95,69.75,44,0,8.75
333,Kattivakkam,IN,2020-10-31 16:05:17,13.22,80.32,80.6,83,20,2.24
334,Carballo,ES,2020-10-31 16:05:17,43.21,-8.69,68.0,82,40,19.46
335,Kaduna,NG,2020-10-31 16:05:17,10.52,7.44,89.26,25,48,6.76
336,Yulara,AU,2020-10-31 16:01:10,-25.24,130.99,73.4,20,66,10.29
337,Colares,PT,2020-10-31 16:05:18,38.8,-9.45,70.0,73,20,8.05
338,Platteville,US,2020-10-31 16:03:03,42.73,-90.48,48.0,70,1,24.16
339,Dustlik,UZ,2020-10-31 16:05:18,40.52,68.04,50.43,39,47,3.87
340,Kuminskiy,RU,2020-10-31 16:05:19,58.67,66.57,36.01,91,100,9.15
341,Santo Antonio Do Taua,BR,2020-10-31 16:05:19,-1.15,-48.13,87.8,70,40,10.29
342,Beyneu,KZ,2020-10-31 16:05:19,45.32,55.2,52.25,45,89,16.98
343,Allapalli,IN,2020-10-31 16:05:19,19.42,80.07,69.17,71,0,2.77
344,Alta Floresta,BR,2020-10-31 16:00:34,-9.88,-56.09,87.55,57,100,2.66
345,Narsaq,GL,2020-10-31 16:05:20,60.92,-46.05,28.4,68,40,1.88
346,Port Augusta,AU,2020-10-31 16:05:20,-32.5,137.77,57.2,76,0,6.93
347,Noumea,NC,2020-10-31 16:02:25,-22.28,166.46,77.0,57,0,8.05
348,Karratha,AU,2020-10-31 16:00:51,-20.74,116.85,71.1,84,0,12.73
349,Kieta,PG,2020-10-31 16:05:21,-6.22,155.63,78.66,79,93,1.54
350,Daru,PG,2020-10-31 16:05:21,-9.08,143.21,77.72,86,37,9.78
351,Nova Olinda Do Norte,BR,2020-10-31 16:05:21,-3.89,-59.09,95.7,43,88,3.44
352,Balakhninskiy,RU,2020-10-31 16:05:21,58.01,114.28,16.38,87,84,3.36
353,Guayabal,CO,2020-10-31 16:05:21,5.03,-74.89,87.6,54,55,3.69
354,Presidente Olegario,BR,2020-10-31 16:00:34,-18.42,-46.42,77.43,70,87,4.14
355,Rapid Valley,US,2020-10-31 16:05:22,44.06,-103.15,52.0,34,1,26.4
356,Kindu,CD,2020-10-31 16:05:22,-2.95,25.95,74.88,80,16,0.98
357,Rio Gallegos,AR,2020-10-31 16:05:22,-51.62,-69.22,60.8,44,0,12.75
358,Guryevsk,RU,2020-10-31 16:05:23,54.28,85.93,32.97,94,100,7.7
359,Dakar,SN,2020-10-31 16:01:18,14.69,-17.44,84.2,66,0,19.46
360,Matucana,PE,2020-10-31 16:05:23,-11.85,-76.4,65.26,42,93,7.96
361,Paka,MY,2020-10-31 16:05:23,4.64,103.44,78.8,94,20,4.63
362,Konch,IN,2020-10-31 16:05:23,25.98,79.15,74.19,20,0,2.84
363,Zyryanka,RU,2020-10-31 16:05:24,65.75,150.85,3.07,94,100,5.95
364,Kahului,US,2020-10-31 16:05:24,20.89,-156.47,78.8,65,75,9.17
365,Vanimo,PG,2020-10-31 16:05:24,-2.67,141.3,78.21,85,7,5.82
366,Durango,MX,2020-10-31 16:02:16,24.83,-104.83,64.71,36,79,0.51
367,Katsuura,JP,2020-10-31 16:05:24,35.13,140.3,53.6,76,0,10.29
368,Pemangkat,ID,2020-10-31 16:05:25,1.17,108.97,79.34,82,100,4.29
369,Piracuruca,BR,2020-10-31 16:05:25,-3.93,-41.71,109.36,17,77,2.42
370,Maxixe,MZ,2020-10-31 16:05:25,-23.86,35.35,78.8,65,20,12.75
371,Channel-Port Aux Basques,CA,2020-10-31 16:05:25,47.57,-59.14,35.22,80,100,21.54
372,Hirara,JP,2020-10-31 16:05:26,24.8,125.28,77.29,74,3,21.34
373,Balasheyka,RU,2020-10-31 16:05:26,53.28,48.09,40.15,83,100,3.49
374,Labuhan,ID,2020-10-31 16:05:26,-6.88,112.21,75.94,92,100,9.17
375,Margate,GB,2020-10-31 16:05:26,51.38,1.39,57.99,89,92,4.0
376,Dalvik,IS,2020-10-31 16:05:26,65.97,-18.53,42.8,70,0,12.75
377,Pacific Grove,US,2020-10-31 16:05:27,36.62,-121.92,48.2,75,1,8.3
378,Parintins,BR,2020-10-31 16:05:27,-2.63,-56.74,101.43,27,52,5.35
379,Whitianga,NZ,2020-10-31 16:05:27,-36.83,175.7,60.01,95,60,6.6
380,Natitingou,BJ,2020-10-31 16:05:27,10.3,1.38,95.0,17,20,10.29
381,Athabasca,CA,2020-10-31 16:01:41,54.72,-113.29,26.6,86,6,10.29
382,Manacapuru,BR,2020-10-31 16:01:22,-3.3,-60.62,87.8,58,40,5.82
383,Hervey Bay,AU,2020-10-31 16:01:19,-25.3,152.85,75.99,82,5,4.0
384,Fort-Shevchenko,KZ,2020-10-31 16:05:28,44.51,50.26,59.23,42,100,7.67
385,Talnakh,RU,2020-10-31 16:05:28,69.49,88.4,17.6,92,75,40.26
386,Santo Antonio Do Sudoeste,BR,2020-10-31 16:01:56,-26.07,-53.73,82.27,47,27,1.57
387,Nelson Bay,AU,2020-10-31 16:05:28,-32.72,152.15,57.99,87,4,8.05
388,Harlingen,US,2020-10-31 16:05:28,26.19,-97.7,73.99,72,1,4.7
389,Cockburn Town,TC,2020-10-31 16:05:29,21.46,-71.14,82.76,80,91,17.65
390,Mahanoro,MG,2020-10-31 16:05:29,-19.9,48.8,68.83,69,55,4.0
391,Ngama,TD,2020-10-31 16:05:29,11.78,17.17,94.91,23,0,2.84
392,Kununurra,AU,2020-10-31 16:02:47,-15.77,128.73,80.6,78,57,9.17
393,Liwale,TZ,2020-10-31 16:05:29,-9.77,37.93,78.98,54,60,4.5
394,Manokwari,ID,2020-10-31 16:05:30,-0.87,134.08,80.29,78,97,5.39
395,Moose Factory,CA,2020-10-31 16:05:30,51.26,-80.61,26.6,73,75,9.17
396,Champerico,GT,2020-10-31 16:05:30,14.3,-91.92,84.2,62,20,4.56
397,Ozu,JP,2020-10-31 16:05:30,33.5,132.55,54.0,73,45,5.03
398,Sibolga,ID,2020-10-31 16:05:30,1.74,98.78,78.42,81,100,2.73
399,Tiznit,MA,2020-10-31 16:05:31,29.58,-9.5,79.39,18,0,11.74
400,Apple Valley,US,2020-10-31 16:00:39,34.5,-117.19,64.99,20,0,0.94
401,Ploemeur,FR,2020-10-31 16:05:31,47.73,-3.43,57.2,71,90,11.41
402,Xining,CN,2020-10-31 16:00:46,36.62,101.77,36.27,73,87,1.77
403,Ishigaki,JP,2020-10-31 16:05:31,24.34,124.16,77.72,70,28,17.0
404,Deer Lake,CA,2020-10-31 16:05:13,49.17,-57.43,32.0,84,90,11.41
405,Almeirim,BR,2020-10-31 16:05:32,-1.52,-52.58,95.4,34,17,8.32
406,Axim,GH,2020-10-31 16:05:32,4.87,-2.24,82.33,77,39,6.71
407,Serrana,BR,2020-10-31 16:05:32,-21.21,-47.6,80.6,51,75,9.17
408,Krasnoselkup,RU,2020-10-31 16:05:32,65.7,82.47,33.67,96,100,23.2
409,Ahipara,NZ,2020-10-31 16:05:32,-35.17,173.17,62.47,95,38,4.99
410,Port-Cartier,CA,2020-10-31 16:05:33,50.03,-66.87,30.99,50,0,9.17
411,Rudbar,AF,2020-10-31 16:05:33,30.15,62.6,53.8,35,0,2.95
412,Taoudenni,ML,2020-10-31 16:05:33,22.68,-3.98,92.5,11,100,8.23
413,Leningradskiy,RU,2020-10-31 16:05:33,69.38,178.42,19.13,93,95,10.71
414,La Asuncion,VE,2020-10-31 16:04:44,11.03,-63.86,87.8,70,16,16.11
415,Makarska,HR,2020-10-31 16:05:34,43.3,17.02,55.99,78,0,5.99
416,Caracollo,PE,2020-10-31 16:05:34,-14.92,-70.66,59.65,35,100,1.61
417,Shimoda,JP,2020-10-31 16:05:34,34.67,138.95,46.99,83,0,8.61
418,Serenje,ZM,2020-10-31 16:05:34,-13.23,30.24,73.62,37,28,5.84
419,Sinjar,IQ,2020-10-31 16:05:34,36.32,41.88,63.36,26,28,5.46
420,Orange Cove,US,2020-10-31 16:01:14,36.62,-119.31,64.0,70,1,2.01
421,Berezovo,RU,2020-10-31 16:05:35,63.94,65.04,32.18,99,100,4.43
422,Maniitsoq,GL,2020-10-31 16:05:35,65.42,-52.9,21.09,86,81,5.77
423,Aswan,EG,2020-10-31 16:01:25,24.09,32.91,86.02,21,0,10.56
424,Ocean City,US,2020-10-31 16:00:49,39.28,-74.57,46.0,56,1,5.82
425,Riyadh,SA,2020-10-31 16:02:13,24.69,46.72,78.8,24,0,4.7
426,Pandan,PH,2020-10-31 16:05:36,14.05,124.17,82.54,83,100,36.53
427,Katangli,RU,2020-10-31 16:05:36,51.71,143.23,34.68,87,100,7.52
428,Whitehorse,CA,2020-10-31 16:05:36,60.72,-135.05,12.99,85,90,8.05
429,Yertsevo,RU,2020-10-31 16:05:36,60.8,40.09,30.24,98,0,3.83
430,Ampanihy,MG,2020-10-31 16:05:36,-24.7,44.75,80.28,42,0,12.71
431,Disna,BY,2020-10-31 16:05:37,55.57,28.2,48.07,89,78,5.1
432,Kipini,KE,2020-10-31 16:05:37,-2.53,40.53,80.6,78,20,11.41
433,Moron,AR,2020-10-31 16:05:37,-34.65,-58.62,73.99,32,0,3.0
434,Half Moon Bay,US,2020-10-31 16:03:38,37.46,-122.43,55.99,87,90,3.49
435,Atar,MR,2020-10-31 16:05:38,20.52,-13.05,100.4,18,0,9.17
436,Salalah,OM,2020-10-31 16:05:39,17.02,54.09,84.2,37,0,4.7
437,Sabha,LY,2020-10-31 16:05:39,27.04,14.43,70.48,35,0,5.64
438,Viedma,AR,2020-10-31 16:05:39,-40.81,-63.0,82.0,23,0,5.01
439,Micheweni,TZ,2020-10-31 16:05:39,-4.97,39.83,78.67,79,2,12.21
440,Fallon,US,2020-10-31 16:02:15,39.47,-118.78,30.2,36,1,3.78
441,Magadan,RU,2020-10-31 16:05:39,59.57,150.8,33.37,94,100,6.62
442,Trogir,HR,2020-10-31 16:05:40,43.51,16.25,66.2,68,0,1.12
443,Kosonsoy,UZ,2020-10-31 16:05:40,41.26,71.55,42.8,56,0,6.93
444,Bubaque,GW,2020-10-31 16:05:40,11.28,-15.83,85.48,60,81,6.38
445,Terrace,CA,2020-10-31 16:05:40,54.52,-128.6,37.4,100,90,5.82
446,Sao Joao Da Barra,BR,2020-10-31 16:05:41,-21.64,-41.05,73.4,78,90,16.11
447,Kaeo,NZ,2020-10-31 16:05:41,-35.1,173.78,57.0,96,48,1.99
448,Tiarei,PF,2020-10-31 16:05:41,-17.53,-149.33,73.4,83,20,3.36
449,Namatanai,PG,2020-10-31 16:05:41,-3.67,152.43,80.26,78,100,5.53
450,Saint George,US,2020-10-31 16:05:41,37.1,-113.58,44.6,33,1,1.9
451,Chuy,UY,2020-10-31 16:05:42,-33.7,-53.46,65.12,61,43,7.87
452,Victor Harbor,AU,2020-10-31 16:05:42,-35.57,138.62,55.99,79,1,7.47
453,Bilibino,RU,2020-10-31 16:05:42,68.05,166.44,-1.32,85,12,2.3
454,Najran,SA,2020-10-31 16:05:42,17.49,44.13,77.0,23,0,6.93
455,Yatou,CN,2020-10-31 16:05:43,37.15,122.38,58.68,79,100,9.93
456,Great Yarmouth,GB,2020-10-31 16:05:43,52.61,1.73,57.99,99,88,7.0
457,Coahuayana,MX,2020-10-31 16:05:43,18.73,-103.68,75.2,73,40,13.87
458,Novoagansk,RU,2020-10-31 16:05:43,61.94,76.66,31.26,97,100,11.52
459,Haines Junction,CA,2020-10-31 16:05:43,60.75,-137.51,14.0,85,100,3.31
460,Dayong,CN,2020-10-31 16:05:44,25.02,118.29,69.8,60,0,6.71
461,Acarau,BR,2020-10-31 16:05:44,-2.89,-40.12,89.94,52,98,18.03
462,Harper,LR,2020-10-31 16:05:44,4.38,-7.72,81.32,79,66,8.25
463,Lavrentiya,RU,2020-10-31 16:05:44,65.58,-171.0,19.54,92,29,8.55
464,Baherden,TM,2020-10-31 16:05:44,38.44,57.43,66.97,21,0,6.73
465,Adelaide,AU,2020-10-31 16:03:19,-34.93,138.6,51.01,81,20,6.93
466,Gari,RU,2020-10-31 16:05:45,59.43,62.35,35.26,90,97,9.66
467,Jamsa,FI,2020-10-31 16:05:45,61.86,25.19,42.8,93,90,6.93
468,Ouahigouya,BF,2020-10-31 16:05:45,13.58,-2.42,97.72,11,0,10.42
469,Takoradi,GH,2020-10-31 16:05:45,4.88,-1.76,82.51,76,24,7.9
470,Mozhga,RU,2020-10-31 16:05:46,56.44,52.23,37.27,95,100,5.68
471,Solwezi,ZM,2020-10-31 16:05:46,-12.17,26.39,79.25,27,13,5.75
472,Northam,GB,2020-10-31 16:05:46,51.03,-4.22,54.0,81,86,15.99
473,Hastings,GB,2020-10-31 16:00:58,50.86,0.57,59.0,87,40,26.4
474,Santa Lucia,ES,2020-10-31 16:05:47,27.91,-15.54,86.0,23,0,4.7
475,Rubtsovsk,RU,2020-10-31 16:05:47,51.5,81.25,32.36,95,71,7.4
476,Lashio,MM,2020-10-31 16:05:47,22.93,97.75,66.27,99,80,1.3
477,Dzilam Gonzalez,MX,2020-10-31 16:05:47,21.28,-88.93,79.47,82,100,5.77
478,Vicuna,CL,2020-10-31 16:05:48,-30.03,-70.71,82.0,15,0,1.01
479,Sahuaripa,MX,2020-10-31 16:05:48,29.05,-109.23,76.01,22,100,0.56
480,Billings,US,2020-10-31 16:05:48,45.78,-108.5,46.99,45,40,19.46
481,La Macarena,CO,2020-10-31 16:05:48,2.18,-73.78,90.32,52,98,4.5
482,Donskoy,RU,2020-10-31 16:05:48,53.97,38.34,46.99,69,100,12.35
483,Weligama,LK,2020-10-31 16:05:49,5.97,80.42,78.67,83,3,5.64
484,Alghero,IT,2020-10-31 16:05:49,40.56,8.32,68.0,77,20,5.82
485,Isla Mujeres,MX,2020-10-31 16:05:49,21.23,-86.73,80.6,88,75,3.36
486,Marienburg,PL,2020-10-31 16:05:49,54.04,19.03,46.0,100,1,3.89
487,Atyrau,KZ,2020-10-31 16:05:50,47.12,51.88,55.4,30,0,20.13
488,Kathmandu,NP,2020-10-31 16:05:50,27.72,85.32,62.6,77,20,4.7
489,Mackay,AU,2020-10-31 16:05:50,-21.15,149.2,73.0,88,37,4.7
490,Zaysan,KZ,2020-10-31 16:05:50,47.47,84.87,33.26,85,0,1.74
491,Polovinnoye,RU,2020-10-31 16:05:50,54.79,65.99,35.13,85,76,11.23
492,Russell,US,2020-10-31 16:05:51,32.35,-85.2,60.8,55,40,11.41
493,Luganville,VU,2020-10-31 16:05:51,-15.53,167.17,78.26,83,76,12.01
494,Simbahan,PH,2020-10-31 16:05:51,6.3,120.58,82.87,78,100,13.31
495,Torquay,GB,2020-10-31 16:05:51,50.46,-3.51,54.0,81,36,18.88
496,Novoraychikhinsk,RU,2020-10-31 16:05:51,49.78,129.59,39.16,91,98,15.79
497,Bismarck,US,2020-10-31 16:05:02,46.81,-100.78,46.4,65,1,21.92
498,Carmelo,UY,2020-10-31 16:05:52,-33.99,-58.29,71.01,37,20,6.93
499,Camocim,BR,2020-10-31 16:05:52,-2.9,-40.84,92.28,47,87,18.03
500,Manaure,CO,2020-10-31 16:05:52,11.78,-72.44,85.41,67,86,6.24
501,Zarubino,RU,2020-10-31 16:05:53,42.63,131.09,48.97,80,74,4.74
502,Haverfordwest,GB,2020-10-31 16:05:53,51.8,-4.97,57.99,76,98,27.51
503,Peniche,PT,2020-10-31 16:05:53,39.36,-9.38,70.0,79,73,4.0
504,El Alto,PE,2020-10-31 16:05:53,-4.27,-81.21,71.6,73,40,12.75
505,Vila,PT,2020-10-31 16:05:54,42.03,-8.16,61.0,90,100,3.0
506,Mazagao,BR,2020-10-31 16:05:54,-0.12,-51.29,93.2,63,40,16.11
507,Palu,ID,2020-10-31 16:05:54,-0.89,119.87,75.33,79,59,2.75
508,Herat,AF,2020-10-31 16:05:54,34.5,62.0,50.0,10,0,3.36
509,Tucuman,AR,2020-10-31 16:02:38,-26.82,-65.22,77.0,23,0,9.17
510,Yemelyanovo,RU,2020-10-31 16:05:55,56.17,92.68,24.8,92,75,4.47
511,Hanzhong,CN,2020-10-31 16:05:55,33.07,107.03,56.68,53,100,0.29
512,Kiunga,PG,2020-10-31 16:05:55,-6.12,141.29,74.16,93,98,2.26
513,Krasnovka,RU,2020-10-31 16:05:55,48.82,40.09,56.39,90,100,13.06
514,Ust-Nera,RU,2020-10-31 16:05:56,64.57,143.2,-4.04,82,100,1.36
515,Phalaborwa,ZA,2020-10-31 16:05:56,-23.94,31.14,78.8,65,74,11.41
516,Bluefields,NI,2020-10-31 16:04:25,12.01,-83.76,78.8,88,75,4.7
517,Palauig,PH,2020-10-31 16:05:56,15.44,119.9,80.19,74,100,3.15
518,Lensk,RU,2020-10-31 16:05:56,60.73,114.93,-0.83,90,54,2.98
519,Monte Escobedo,MX,2020-10-31 16:05:57,22.3,-103.58,63.18,31,0,3.15
520,Chulumani,BO,2020-10-31 16:05:57,-16.41,-67.53,69.82,59,94,5.19
521,Syamzha,RU,2020-10-31 16:05:57,60.02,41.06,30.36,96,0,4.52
522,Bonavista,CA,2020-10-31 16:03:25,48.65,-53.11,36.0,64,100,5.82
523,Willmar,US,2020-10-31 16:02:09,45.12,-95.04,48.2,70,1,14.99
524,Pokhara,NP,2020-10-31 16:05:58,28.23,83.98,70.18,35,61,5.57
525,Dawson,US,2020-10-31 16:05:58,31.77,-84.45,62.6,55,20,11.41
526,Te Anau,NZ,2020-10-31 16:05:58,-45.42,167.72,44.46,81,55,6.35
527,Snasa,NO,2020-10-31 16:05:58,64.25,12.38,38.12,80,76,6.6
528,Sept-Iles,CA,2020-10-31 16:05:15,50.2,-66.38,30.99,50,0,9.17
529,Mirnyy,RU,2020-10-31 16:05:58,62.54,113.96,5.0,84,75,6.71
530,Charters Towers,AU,2020-10-31 16:05:59,-20.1,146.27,71.83,85,0,3.87
531,Muros,ES,2020-10-31 16:05:59,42.78,-9.06,63.0,92,100,17.0
532,Hay River,CA,2020-10-31 16:05:59,60.82,-115.8,19.4,92,22,10.29
533,Yaan,NG,2020-10-31 16:05:59,7.38,8.57,90.16,51,21,1.3
534,Cobija,BO,2020-10-31 16:05:59,-11.03,-68.77,75.2,73,90,6.29
535,Columbus,US,2020-10-31 16:05:13,39.96,-83.0,46.99,56,20,10.29
536,Copiapo,CL,2020-10-31 16:06:00,-27.37,-70.33,59.0,67,40,3.36
537,Poum,NC,2020-10-31 16:06:00,-20.23,164.02,77.38,81,78,23.15
538,Laguna,US,2020-10-31 16:06:00,38.42,-121.42,48.2,81,1,2.57
539,Mayo,US,2020-10-31 16:06:01,38.89,-76.51,48.0,65,75,8.05
540,Yaroslavskaya,RU,2020-10-31 16:06:01,44.61,40.46,58.39,83,96,3.47
541,Clarksburg,US,2020-10-31 16:02:58,39.28,-80.34,51.01,80,1,2.68
542,Bougouni,ML,2020-10-31 16:06:01,11.42,-7.48,94.33,22,0,7.09
543,Dong Hoi,VN,2020-10-31 16:06:02,17.48,106.6,76.98,87,45,6.33
544,Puri,IN,2020-10-31 16:06:02,19.8,85.85,80.6,83,20,4.7
545,Roma,US,2020-10-31 16:04:05,43.21,-75.46,41.0,64,75,5.82
546,Cururupu,BR,2020-10-31 16:06:03,-1.83,-44.87,91.94,44,68,8.66
547,Itiuba,BR,2020-10-31 16:06:03,-10.69,-39.85,87.4,47,97,2.98
548,Lexington,US,2020-10-31 16:06:03,37.99,-84.48,51.01,75,1,6.93
549,Mitsamiouli,KM,2020-10-31 16:06:03,-11.38,43.28,78.22,79,100,8.61
550,Gornyy,RU,2020-10-31 16:06:03,55.12,83.91,32.61,98,100,10.33
551,Tazovskiy,RU,2020-10-31 16:06:04,67.47,78.7,34.34,99,100,12.24
552,Muscat,OM,2020-10-31 16:04:32,23.61,58.59,78.8,65,0,4.7
553,Iguape,BR,2020-10-31 16:06:04,-24.71,-47.56,68.65,76,97,10.85
554,Fernie,CA,2020-10-31 16:01:44,49.5,-115.07,26.6,92,95,3.36
555,Coquimbo,CL,2020-10-31 16:06:04,-29.95,-71.34,53.6,87,90,8.05
556,Talara,PE,2020-10-31 16:06:05,-4.58,-81.27,71.6,73,40,12.75
557,Santa Rosa,PH,2020-10-31 16:03:52,14.31,121.11,81.0,83,75,2.24
558,Amot,NO,2020-10-31 16:06:05,59.57,7.99,41.0,100,75,4.81
559,Chabahar,IR,2020-10-31 16:06:05,25.29,60.64,75.94,54,0,11.61
560,Vostok,RU,2020-10-31 16:06:05,46.49,135.88,31.6,96,96,5.32
561,Tikhvin,RU,2020-10-31 16:06:06,59.65,33.53,38.8,90,13,2.71
562,Ulladulla,AU,2020-10-31 16:06:06,-35.35,150.47,60.01,87,90,5.82
563,Chingirlau,KZ,2020-10-31 16:06:06,51.09,54.08,47.35,57,100,7.56
564,Giresun,TR,2020-10-31 16:06:06,40.5,38.5,66.2,88,75,4.7
565,Sisimiut,GL,2020-10-31 16:06:06,66.94,-53.67,21.67,90,94,6.49
566,Krasnokholmskiy,RU,2020-10-31 16:06:07,55.99,55.05,37.58,90,100,5.84
567,Acapulco,MX,2020-10-31 16:05:59,16.86,-99.89,80.6,78,40,3.36
568,Ayr,GB,2020-10-31 16:06:07,55.46,-4.63,53.6,71,75,32.21
569,Kadyy,RU,2020-10-31 16:06:07,57.79,43.19,38.62,94,86,5.32
570,Kysyl-Syr,RU,2020-10-31 16:06:08,63.9,122.76,-8.16,90,94,3.71
571,Mimongo,GA,2020-10-31 16:06:08,-1.62,11.61,91.4,66,75,2.48
572,Thinadhoo,MV,2020-10-31 16:06:08,0.53,72.93,83.37,74,63,9.37
573,Vagur,FO,2020-10-31 16:06:08,61.47,-6.81,52.45,90,100,38.41
574,Bermeo,ES,2020-10-31 16:06:09,43.42,-2.72,78.8,41,0,5.82
575,Upata,VE,2020-10-31 16:06:09,8.01,-62.4,87.35,59,9,7.76
576,Superior,US,2020-10-31 16:06:09,46.72,-92.1,44.6,56,1,14.99
577,Pa Daet,TH,2020-10-31 16:06:09,19.5,99.99,73.4,100,20,3.36
578,Arifwala,PK,2020-10-31 16:06:10,30.29,73.07,69.75,21,0,5.46
579,Bukachacha,RU,2020-10-31 16:06:10,52.98,116.92,22.73,92,100,3.76
580,Kamenka,RU,2020-10-31 16:06:10,51.32,42.77,50.34,92,100,8.93
581,Buraydah,SA,2020-10-31 16:06:10,26.33,43.98,80.6,21,0,5.82
582,Miraflores,MX,2020-10-31 16:06:10,19.22,-98.81,60.8,54,5,4.7
583,Tubuala,PA,2020-10-31 16:06:11,9.52,-79.03,82.4,78,40,5.82
584,Brokopondo,SR,2020-10-31 16:02:05,4.75,-55.17,90.36,45,40,2.91
